Zone,Année,Valeur (en milliers),Valeur (en millions)
Afghanistan,2013,32269.589,32.27
Afghanistan,2014,33370.794,33.37
Afghanistan,2015,34413.603,34.41
Afghanistan,2016,35383.032,35.38
Afghanistan,2017,36296.113,36.30
Afghanistan,2018,37171.921,37.17
Afrique du Sud,2013,53687.121,53.69
Afrique du Sud,2014,54544.186,54.54
Afrique du Sud,2015,55386.367,55.39
Afrique du Sud,2016,56207.646,56.21
Afrique du Sud,2017,57009.756,57.01
Afrique du Sud,2018,57792.518,57.79
Albanie,2013,2903.79,2.90
Albanie,2014,2896.305,2.90
Albanie,2015,2890.513,2.89
Albanie,2016,2886.438,2.89
Albanie,2017,2884.169,2.88
Albanie,2018,2882.74,2.88
Algérie,2013,38140.133,38.14
Algérie,2014,38923.692,38.92
Algérie,2015,39728.025,39.73
Algérie,2016,40551.392,40.55
Algérie,2017,41389.189,41.39
Algérie,2018,42228.408,42.23
Allemagne,2013,81174.367,81.17
Allemagne,2014,81450.378,81.45
Allemagne,2015,81787.411,81.79
Allemagne,2016,82193.768,82.19
Allemagne,2017,82658.409,82.66
Allemagne,2018,83124.418,83.12
Andorre,2013,80.774,0.08
Andorre,2014,79.213,0.08
Andorre,2015,78.011,0.08
Andorre,2016,77.297,0.08
Andorre,2017,77.001,0.08
Andorre,2018,77.006,0.08
Angola,2013,26015.781,26.02
Angola,2014,26941.779,26.94
Angola,2015,27884.381,27.88
Angola,2016,28842.489,28.84
Angola,2017,29816.766,29.82
Angola,2018,30809.787,30.81
Anguilla,2013,13.954,0.01
Anguilla,2014,14.112,0.01
Anguilla,2015,14.279,0.01
Anguilla,2016,14.429,0.01
Anguilla,2017,14.584,0.01
Anguilla,2018,14.731,0.01
Antigua-et-Barbuda,2013,91.516,0.09
Antigua-et-Barbuda,2014,92.562,0.09
Antigua-et-Barbuda,2015,93.566,0.09
Antigua-et-Barbuda,2016,94.527,0.09
Antigua-et-Barbuda,2017,95.426,0.10
Antigua-et-Barbuda,2018,96.286,0.10
Antilles néerlandaises (ex),2013,263.872,0.26
Antilles néerlandaises (ex),2014,267.006,0.27
Antilles néerlandaises (ex),2015,269.936,0.27
Antilles néerlandaises (ex),2016,272.693,0.27
Antilles néerlandaises (ex),2017,275.186,0.28
Antilles néerlandaises (ex),2018,277.483,0.28
Arabie saoudite,2013,30052.059,30.05
Arabie saoudite,2014,30916.597,30.92
Arabie saoudite,2015,31717.667,31.72
Arabie saoudite,2016,32443.447,32.44
Arabie saoudite,2017,33101.179,33.10
Arabie saoudite,2018,33702.756,33.70
Argentine,2013,42196.03,42.20
Argentine,2014,42637.511,42.64
Argentine,2015,43075.416,43.08
Argentine,2016,43508.46,43.51
Argentine,2017,43937.14,43.94
Argentine,2018,44361.15,44.36
Arménie,2013,2897.588,2.90
Arménie,2014,2912.409,2.91
Arménie,2015,2925.553,2.93
Arménie,2016,2936.143,2.94
Arménie,2017,2944.791,2.94
Arménie,2018,2951.745,2.95
Aruba,2013,103.159,0.10
Aruba,2014,103.774,0.10
Aruba,2015,104.341,0.10
Aruba,2016,104.872,0.10
Aruba,2017,105.366,0.11
Aruba,2018,105.845,0.11
Australie,2013,23254.913,23.25
Australie,2014,23596.424,23.60
Australie,2015,23932.502,23.93
Australie,2016,24262.712,24.26
Australie,2017,24584.62,24.58
Australie,2018,24898.152,24.90
Autriche,2013,8556.189,8.56
Autriche,2014,8615.214,8.62
Autriche,2015,8678.66,8.68
Autriche,2016,8747.301,8.75
Autriche,2017,8819.901,8.82
Autriche,2018,8891.388,8.89
Azerbaïdjan,2013,9385.468,9.39
Azerbaïdjan,2014,9505.622,9.51
Azerbaïdjan,2015,9622.745,9.62
Azerbaïdjan,2016,9736.043,9.74
Azerbaïdjan,2017,9845.32,9.85
Azerbaïdjan,2018,9949.537,9.95
Bahamas,2013,367.169,0.37
Bahamas,2014,370.633,0.37
Bahamas,2015,374.206,0.37
Bahamas,2016,377.93,0.38
Bahamas,2017,381.755,0.38
Bahamas,2018,385.637,0.39
Bahreïn,2013,1315.028,1.32
Bahreïn,2014,1336.075,1.34
Bahreïn,2015,1371.851,1.37
Bahreïn,2016,1425.792,1.43
Bahreïn,2017,1494.076,1.49
Bahreïn,2018,1569.446,1.57
Bangladesh,2013,152761.418,152.76
Bangladesh,2014,154517.382,154.52
Bangladesh,2015,156256.276,156.26
Bangladesh,2016,157977.153,157.98
Bangladesh,2017,159685.424,159.69
Bangladesh,2018,161376.708,161.38
Barbade,2013,284.296,0.28
Barbade,2014,284.826,0.28
Barbade,2015,285.324,0.29
Barbade,2016,285.796,0.29
Barbade,2017,286.232,0.29
Barbade,2018,286.641,0.29
Bélarus,2013,9423.506,9.42
Bélarus,2014,9431.735,9.43
Bélarus,2015,9439.423,9.44
Bélarus,2016,9445.643,9.45
Bélarus,2017,9450.231,9.45
Bélarus,2018,9452.617,9.45
Belgique,2013,11154.009,11.15
Belgique,2014,11221.231,11.22
Belgique,2015,11287.94,11.29
Belgique,2016,11354.42,11.35
Belgique,2017,11419.748,11.42
Belgique,2018,11482.178,11.48
Belize,2013,345.715,0.35
Belize,2014,353.366,0.35
Belize,2015,360.933,0.36
Belize,2016,368.4,0.37
Belize,2017,375.769,0.38
Belize,2018,383.071,0.38
Bénin,2013,10004.591,10.00
Bénin,2014,10286.844,10.29
Bénin,2015,10575.952,10.58
Bénin,2016,10872.063,10.87
Bénin,2017,11175.198,11.18
Bénin,2018,11485.044,11.49
Bermudes,2013,64.386,0.06
Bermudes,2014,64.033,0.06
Bermudes,2015,63.692,0.06
Bermudes,2016,63.362,0.06
Bermudes,2017,63.049,0.06
Bermudes,2018,62.756,0.06
Bhoutan,2013,710.237,0.71
Bhoutan,2014,719.055,0.72
Bhoutan,2015,727.876,0.73
Bhoutan,2016,736.708,0.74
Bhoutan,2017,745.563,0.75
Bhoutan,2018,754.388,0.75
Bolivie (État plurinational de),2013,10542.377,10.54
Bolivie (État plurinational de),2014,10706.517,10.71
Bolivie (État plurinational de),2015,10869.73,10.87
Bolivie (État plurinational de),2016,11031.814,11.03
Bolivie (État plurinational de),2017,11192.855,11.19
Bolivie (État plurinational de),2018,11353.142,11.35
"Bonaire, Saint-Eustache et Saba",2013,23.505,0.02
"Bonaire, Saint-Eustache et Saba",2014,24.07,0.02
"Bonaire, Saint-Eustache et Saba",2015,24.57,0.02
"Bonaire, Saint-Eustache et Saba",2016,25.02,0.03
"Bonaire, Saint-Eustache et Saba",2017,25.401,0.03
"Bonaire, Saint-Eustache et Saba",2018,25.711,0.03
Bosnie-Herzégovine,2013,3542.606,3.54
Bosnie-Herzégovine,2014,3482.105,3.48
Bosnie-Herzégovine,2015,3429.361,3.43
Bosnie-Herzégovine,2016,3386.266,3.39
Bosnie-Herzégovine,2017,3351.525,3.35
Bosnie-Herzégovine,2018,3323.925,3.32
Botswana,2013,2062.548,2.06
Botswana,2014,2088.618,2.09
Botswana,2015,2120.716,2.12
Botswana,2016,2159.927,2.16
Botswana,2017,2205.08,2.21
Botswana,2018,2254.068,2.25
Brésil,2013,201035.912,201.04
Brésil,2014,202763.739,202.76
Brésil,2015,204471.769,204.47
Brésil,2016,206163.053,206.16
Brésil,2017,207833.823,207.83
Brésil,2018,209469.323,209.47
Brunéi Darussalam,2013,404.421,0.40
Brunéi Darussalam,2014,409.769,0.41
Brunéi Darussalam,2015,414.907,0.41
Brunéi Darussalam,2016,419.8,0.42
Brunéi Darussalam,2017,424.473,0.42
Brunéi Darussalam,2018,428.963,0.43
Bulgarie,2013,7290.088,7.29
Bulgarie,2014,7245.646,7.25
Bulgarie,2015,7199.741,7.20
Bulgarie,2016,7151.953,7.15
Bulgarie,2017,7102.444,7.10
Bulgarie,2018,7051.608,7.05
Burkina Faso,2013,17072.785,17.07
Burkina Faso,2014,17586.03,17.59
Burkina Faso,2015,18110.624,18.11
Burkina Faso,2016,18646.357,18.65
Burkina Faso,2017,19193.234,19.19
Burkina Faso,2018,19751.466,19.75
Burundi,2013,9540.291,9.54
Burundi,2014,9844.299,9.84
Burundi,2015,10160.03,10.16
Burundi,2016,10487.995,10.49
Burundi,2017,10827.019,10.83
Burundi,2018,11175.374,11.18
Cabo Verde,2013,511.748,0.51
Cabo Verde,2014,518.271,0.52
Cabo Verde,2015,524.743,0.52
Cabo Verde,2016,531.146,0.53
Cabo Verde,2017,537.498,0.54
Cabo Verde,2018,543.767,0.54
Cambodge,2013,15026.332,15.03
Cambodge,2014,15274.503,15.27
Cambodge,2015,15521.436,15.52
Cambodge,2016,15766.292,15.77
Cambodge,2017,16009.409,16.01
Cambodge,2018,16249.792,16.25
Cameroun,2013,22077.294,22.08
Cameroun,2014,22681.852,22.68
Cameroun,2015,23298.368,23.30
Cameroun,2016,23926.551,23.93
Cameroun,2017,24566.073,24.57
Cameroun,2018,25216.267,25.22
Canada,2013,35296.528,35.30
Canada,2014,35664.337,35.66
Canada,2015,36026.676,36.03
Canada,2016,36382.944,36.38
Canada,2017,36732.095,36.73
Canada,2018,37074.562,37.07
Chili,2013,17571.507,17.57
Chili,2014,17758.959,17.76
Chili,2015,17969.353,17.97
Chili,2016,18209.068,18.21
Chili,2017,18470.439,18.47
Chili,2018,18729.16,18.73
Chine - RAS de Hong-Kong,2013,7088.778,7.09
Chine - RAS de Hong-Kong,2014,7134.67,7.13
Chine - RAS de Hong-Kong,2015,7185.996,7.19
Chine - RAS de Hong-Kong,2016,7243.542,7.24
Chine - RAS de Hong-Kong,2017,7306.322,7.31
Chine - RAS de Hong-Kong,2018,7371.73,7.37
Chine - RAS de Macao,2013,577.372,0.58
Chine - RAS de Macao,2014,590.208,0.59
Chine - RAS de Macao,2015,602.085,0.60
Chine - RAS de Macao,2016,612.836,0.61
Chine - RAS de Macao,2017,622.585,0.62
Chine - RAS de Macao,2018,631.636,0.63
"Chine, continentale",2013,1391883.33,"1,391.88"
"Chine, continentale",2014,1399453.965,"1,399.45"
"Chine, continentale",2015,1406847.87,"1,406.85"
"Chine, continentale",2016,1414049.351,"1,414.05"
"Chine, continentale",2017,1421021.791,"1,421.02"
"Chine, continentale",2018,1427647.786,"1,427.65"
"Chine, Taiwan Province de",2013,23421.582,23.42
"Chine, Taiwan Province de",2014,23491.976,23.49
"Chine, Taiwan Province de",2015,23557.477,23.56
"Chine, Taiwan Province de",2016,23618.2,23.62
"Chine, Taiwan Province de",2017,23674.546,23.67
"Chine, Taiwan Province de",2018,23726.46,23.73
Chypre,2013,1143.866,1.14
Chypre,2014,1152.285,1.15
Chypre,2015,1160.985,1.16
Chypre,2016,1170.187,1.17
Chypre,2017,1179.678,1.18
Chypre,2018,1189.265,1.19
Colombie,2013,46495.493,46.50
Colombie,2014,46967.696,46.97
Colombie,2015,47520.667,47.52
Colombie,2016,48175.052,48.18
Colombie,2017,48909.839,48.91
Colombie,2018,49661.048,49.66
Comores,2013,741.505,0.74
Comores,2014,759.39,0.76
Comores,2015,777.424,0.78
Comores,2016,795.592,0.80
Comores,2017,813.892,0.81
Comores,2018,832.322,0.83
Congo,2013,4622.762,4.62
Congo,2014,4736.976,4.74
Congo,2015,4856.095,4.86
Congo,2016,4980.996,4.98
Congo,2017,5110.695,5.11
Congo,2018,5244.359,5.24
Costa Rica,2013,4742.107,4.74
Costa Rica,2014,4795.396,4.80
Costa Rica,2015,4847.804,4.85
Costa Rica,2016,4899.345,4.90
Costa Rica,2017,4949.954,4.95
Costa Rica,2018,4999.441,5.00
Côte d'Ivoire,2013,22087.504,22.09
Côte d'Ivoire,2014,22647.684,22.65
Côte d'Ivoire,2015,23226.143,23.23
Côte d'Ivoire,2016,23822.714,23.82
Côte d'Ivoire,2017,24437.47,24.44
Côte d'Ivoire,2018,25069.23,25.07
Croatie,2013,4276.598,4.28
Croatie,2014,4255.512,4.26
Croatie,2015,4232.874,4.23
Croatie,2016,4208.602,4.21
Croatie,2017,4182.857,4.18
Croatie,2018,4156.405,4.16
Cuba,2013,11282.723,11.28
Cuba,2014,11306.904,11.31
Cuba,2015,11324.781,11.32
Cuba,2016,11335.104,11.34
Cuba,2017,11339.254,11.34
Cuba,2018,11338.134,11.34
Curaçao,2013,156.794,0.16
Curaçao,2014,158.422,0.16
Curaçao,2015,159.847,0.16
Curaçao,2016,161.052,0.16
Curaçao,2017,161.997,0.16
Curaçao,2018,162.752,0.16
Danemark,2013,5638.145,5.64
Danemark,2014,5664.196,5.66
Danemark,2015,5688.695,5.69
Danemark,2016,5711.349,5.71
Danemark,2017,5732.274,5.73
Danemark,2018,5752.126,5.75
Djibouti,2013,883.293,0.88
Djibouti,2014,898.695,0.90
Djibouti,2015,913.993,0.91
Djibouti,2016,929.112,0.93
Djibouti,2017,944.099,0.94
Djibouti,2018,958.923,0.96
Dominique,2013,71.016,0.07
Dominique,2014,71.085,0.07
Dominique,2015,71.183,0.07
Dominique,2016,71.307,0.07
Dominique,2017,71.458,0.07
Dominique,2018,71.625,0.07
Égypte,2013,88404.646,88.40
Égypte,2014,90424.656,90.42
Égypte,2015,92442.547,92.44
Égypte,2016,94447.073,94.45
Égypte,2017,96442.591,96.44
Égypte,2018,98423.598,98.42
El Salvador,2013,6266.07,6.27
El Salvador,2014,6295.128,6.30
El Salvador,2015,6325.124,6.33
El Salvador,2016,6356.143,6.36
El Salvador,2017,6388.126,6.39
El Salvador,2018,6420.746,6.42
Émirats arabes unis,2013,9197.91,9.20
Émirats arabes unis,2014,9214.175,9.21
Émirats arabes unis,2015,9262.9,9.26
Émirats arabes unis,2016,9360.98,9.36
Émirats arabes unis,2017,9487.203,9.49
Émirats arabes unis,2018,9630.959,9.63
Équateur,2013,15707.474,15.71
Équateur,2014,15951.84,15.95
Équateur,2015,16212.02,16.21
Équateur,2016,16491.116,16.49
Équateur,2017,16785.361,16.79
Équateur,2018,17084.358,17.08
Érythrée,2013,3281.449,3.28
Érythrée,2014,3311.449,3.31
Érythrée,2015,3342.818,3.34
Érythrée,2016,3376.557,3.38
Érythrée,2017,3412.893,3.41
Érythrée,2018,3452.786,3.45
Espagne,2013,46930.555,46.93
Espagne,2014,46777.925,46.78
Espagne,2015,46671.926,46.67
Espagne,2016,46634.14,46.63
Espagne,2017,46647.428,46.65
Espagne,2018,46692.858,46.69
Estonie,2013,1319.062,1.32
Estonie,2014,1316.277,1.32
Estonie,2015,1315.325,1.32
Estonie,2016,1316.51,1.32
Estonie,2017,1319.39,1.32
Estonie,2018,1322.92,1.32
Eswatini,2013,1086.843,1.09
Eswatini,2014,1095.019,1.10
Eswatini,2015,1104.044,1.10
Eswatini,2016,1113.997,1.11
Eswatini,2017,1124.805,1.12
Eswatini,2018,1136.281,1.14
États-Unis d'Amérique,2013,316400.538,316.40
États-Unis d'Amérique,2014,318673.411,318.67
États-Unis d'Amérique,2015,320878.31,320.88
États-Unis d'Amérique,2016,323015.995,323.02
États-Unis d'Amérique,2017,325084.756,325.08
États-Unis d'Amérique,2018,327096.265,327.10
Éthiopie,2013,95385.798,95.39
Éthiopie,2014,98094.265,98.09
Éthiopie,2015,100835.458,100.84
Éthiopie,2016,103603.462,103.60
Éthiopie,2017,106399.924,106.40
Éthiopie,2018,109224.414,109.22
Fédération de Russie,2013,144325.449,144.33
Fédération de Russie,2014,144664.841,144.66
Fédération de Russie,2015,144985.057,144.99
Fédération de Russie,2016,145275.383,145.28
Fédération de Russie,2017,145530.082,145.53
Fédération de Russie,2018,145734.038,145.73
Fidji,2013,865.608,0.87
Fidji,2014,866.453,0.87
Fidji,2015,868.627,0.87
Fidji,2016,872.399,0.87
Fidji,2017,877.459,0.88
Fidji,2018,883.483,0.88
Finlande,2013,5438.982,5.44
Finlande,2014,5461.411,5.46
Finlande,2015,5481.122,5.48
Finlande,2016,5497.713,5.50
Finlande,2017,5511.371,5.51
Finlande,2018,5522.576,5.52
France,2013,63893.525,63.89
France,2014,64193.55,64.19
France,2015,64453.2,64.45
France,2016,64667.596,64.67
France,2017,64842.509,64.84
France,2018,64990.511,64.99
Gabon,2013,1817.071,1.82
Gabon,2014,1883.8,1.88
Gabon,2015,1947.686,1.95
Gabon,2016,2007.873,2.01
Gabon,2017,2064.823,2.06
Gabon,2018,2119.275,2.12
Gambie,2013,1963.712,1.96
Gambie,2014,2024.042,2.02
Gambie,2015,2085.86,2.09
Gambie,2016,2149.136,2.15
Gambie,2017,2213.889,2.21
Gambie,2018,2280.094,2.28
Géorgie,2013,4048.701,4.05
Géorgie,2014,4035.311,4.04
Géorgie,2015,4024.183,4.02
Géorgie,2016,4015.45,4.02
Géorgie,2017,4008.716,4.01
Géorgie,2018,4002.942,4.00
Ghana,2013,26607.645,26.61
Ghana,2014,27224.473,27.22
Ghana,2015,27849.205,27.85
Ghana,2016,28481.945,28.48
Ghana,2017,29121.465,29.12
Ghana,2018,29767.102,29.77
Gibraltar,2013,33.692,0.03
Gibraltar,2014,33.725,0.03
Gibraltar,2015,33.736,0.03
Gibraltar,2016,33.737,0.03
Gibraltar,2017,33.728,0.03
Gibraltar,2018,33.718,0.03
Grèce,2013,10740.5,10.74
Grèce,2014,10701.456,10.70
Grèce,2015,10659.75,10.66
Grèce,2016,10615.185,10.62
Grèce,2017,10569.45,10.57
Grèce,2018,10522.246,10.52
Grenade,2013,108.17,0.11
Grenade,2014,108.902,0.11
Grenade,2015,109.599,0.11
Grenade,2016,110.261,0.11
Grenade,2017,110.874,0.11
Grenade,2018,111.454,0.11
Groenland,2013,56.414,0.06
Groenland,2014,56.381,0.06
Groenland,2015,56.377,0.06
Groenland,2016,56.412,0.06
Groenland,2017,56.481,0.06
Groenland,2018,56.564,0.06
Guadeloupe,2013,402.829,0.40
Guadeloupe,2014,401.314,0.40
Guadeloupe,2015,400.255,0.40
Guadeloupe,2016,399.763,0.40
Guadeloupe,2017,399.672,0.40
Guadeloupe,2018,399.848,0.40
Guam,2013,160.407,0.16
Guam,2014,161.016,0.16
Guam,2015,161.853,0.16
Guam,2016,162.951,0.16
Guam,2017,164.281,0.16
Guam,2018,165.768,0.17
Guatemala,2013,15595.816,15.60
Guatemala,2014,15923.236,15.92
Guatemala,2015,16252.429,16.25
Guatemala,2016,16583.076,16.58
Guatemala,2017,16914.97,16.91
Guatemala,2018,17247.849,17.25
Guinée,2013,10892.817,10.89
Guinée,2014,11150.982,11.15
Guinée,2015,11432.088,11.43
Guinée,2016,11738.429,11.74
Guinée,2017,12067.519,12.07
Guinée,2018,12414.293,12.41
Guinée équatoriale,2013,1076.413,1.08
Guinée équatoriale,2014,1122.277,1.12
Guinée équatoriale,2015,1168.568,1.17
Guinée équatoriale,2016,1215.18,1.22
Guinée équatoriale,2017,1262.002,1.26
Guinée équatoriale,2018,1308.975,1.31
Guinée-Bissau,2013,1648.255,1.65
Guinée-Bissau,2014,1692.437,1.69
Guinée-Bissau,2015,1737.202,1.74
Guinée-Bissau,2016,1782.438,1.78
Guinée-Bissau,2017,1828.145,1.83
Guinée-Bissau,2018,1874.303,1.87
Guyana,2013,759.285,0.76
Guyana,2014,763.38,0.76
Guyana,2015,767.432,0.77
Guyana,2016,771.368,0.77
Guyana,2017,775.222,0.78
Guyana,2018,779.006,0.78
Guyane française,2013,249.054,0.25
Guyane française,2014,254.773,0.25
Guyane française,2015,260.999,0.26
Guyane française,2016,267.821,0.27
Guyane française,2017,275.191,0.28
Guyane française,2018,282.938,0.28
Haïti,2013,10400.675,10.40
Haïti,2014,10549.009,10.55
Haïti,2015,10695.542,10.70
Haïti,2016,10839.97,10.84
Haïti,2017,10982.366,10.98
Haïti,2018,11123.178,11.12
Honduras,2013,8798.521,8.80
Honduras,2014,8955.589,8.96
Honduras,2015,9112.916,9.11
Honduras,2016,9270.795,9.27
Honduras,2017,9429.013,9.43
Honduras,2018,9587.522,9.59
Hongrie,2013,9833.923,9.83
Hongrie,2014,9804.991,9.80
Hongrie,2015,9777.923,9.78
Hongrie,2016,9752.975,9.75
Hongrie,2017,9729.823,9.73
Hongrie,2018,9707.499,9.71
Île de Man,2013,83.976,0.08
Île de Man,2014,83.488,0.08
Île de Man,2015,83.234,0.08
Île de Man,2016,83.287,0.08
Île de Man,2017,83.598,0.08
Île de Man,2018,84.077,0.08
Îles Anglo-Normandes,2013,163.038,0.16
Îles Anglo-Normandes,2014,164.1,0.16
Îles Anglo-Normandes,2015,165.385,0.17
Îles Anglo-Normandes,2016,166.923,0.17
Îles Anglo-Normandes,2017,168.665,0.17
Îles Anglo-Normandes,2018,170.499,0.17
Îles Caïmanes,2013,59.932,0.06
Îles Caïmanes,2014,60.848,0.06
Îles Caïmanes,2015,61.724,0.06
Îles Caïmanes,2016,62.569,0.06
Îles Caïmanes,2017,63.382,0.06
Îles Caïmanes,2018,64.174,0.06
Îles Cook,2013,17.833,0.02
Îles Cook,2014,17.691,0.02
Îles Cook,2015,17.586,0.02
Îles Cook,2016,17.524,0.02
Îles Cook,2017,17.507,0.02
Îles Cook,2018,17.518,0.02
Îles Falkland (Malvinas),2013,2.794,0.00
Îles Falkland (Malvinas),2014,2.792,0.00
Îles Falkland (Malvinas),2015,2.834,0.00
Îles Falkland (Malvinas),2016,2.928,0.00
Îles Falkland (Malvinas),2017,3.068,0.00
Îles Falkland (Malvinas),2018,3.234,0.00
Îles Féroé,2013,47.892,0.05
Îles Féroé,2014,47.96,0.05
Îles Féroé,2015,48.051,0.05
Îles Féroé,2016,48.173,0.05
Îles Féroé,2017,48.331,0.05
Îles Féroé,2018,48.497,0.05
Îles Mariannes du Nord,2013,54.784,0.05
Îles Mariannes du Nord,2014,55.305,0.06
Îles Mariannes du Nord,2015,55.78,0.06
Îles Mariannes du Nord,2016,56.188,0.06
Îles Mariannes du Nord,2017,56.562,0.06
Îles Mariannes du Nord,2018,56.882,0.06
Îles Marshall,2013,56.938,0.06
Îles Marshall,2014,57.179,0.06
Îles Marshall,2015,57.439,0.06
Îles Marshall,2016,57.735,0.06
Îles Marshall,2017,58.058,0.06
Îles Marshall,2018,58.413,0.06
Îles Salomon,2013,571.336,0.57
Îles Salomon,2014,587.079,0.59
Îles Salomon,2015,603.118,0.60
Îles Salomon,2016,619.438,0.62
Îles Salomon,2017,636.039,0.64
Îles Salomon,2018,652.857,0.65
Îles Turques-et-Caïques,2013,34.731,0.03
Îles Turques-et-Caïques,2014,35.369,0.04
Îles Turques-et-Caïques,2015,35.981,0.04
Îles Turques-et-Caïques,2016,36.559,0.04
Îles Turques-et-Caïques,2017,37.115,0.04
Îles Turques-et-Caïques,2018,37.665,0.04
Îles Vierges américaines,2013,105.303,0.11
Îles Vierges américaines,2014,105.114,0.11
Îles Vierges américaines,2015,104.958,0.10
Îles Vierges américaines,2016,104.835,0.10
Îles Vierges américaines,2017,104.751,0.10
Îles Vierges américaines,2018,104.68,0.10
Îles Vierges britanniques,2013,28.847,0.03
Îles Vierges britanniques,2014,28.989,0.03
Îles Vierges britanniques,2015,29.152,0.03
Îles Vierges britanniques,2016,29.355,0.03
Îles Vierges britanniques,2017,29.577,0.03
Îles Vierges britanniques,2018,29.802,0.03
Îles Wallis-et-Futuna,2013,12.356,0.01
Îles Wallis-et-Futuna,2014,12.34,0.01
Îles Wallis-et-Futuna,2015,12.266,0.01
Îles Wallis-et-Futuna,2016,12.107,0.01
Îles Wallis-et-Futuna,2017,11.9,0.01
Îles Wallis-et-Futuna,2018,11.661,0.01
Inde,2013,1280842.125,"1,280.84"
Inde,2014,1295600.772,"1,295.60"
Inde,2015,1310152.403,"1,310.15"
Inde,2016,1324517.249,"1,324.52"
Inde,2017,1338676.785,"1,338.68"
Inde,2018,1352642.28,"1,352.64"
Indonésie,2013,251805.307,251.81
Indonésie,2014,255128.076,255.13
Indonésie,2015,258383.256,258.38
Indonésie,2016,261556.381,261.56
Indonésie,2017,264650.963,264.65
Indonésie,2018,267670.543,267.67
Iran (République islamique d'),2013,76481.961,76.48
Iran (République islamique d'),2014,77465.77,77.47
Iran (République islamique d'),2015,78492.215,78.49
Iran (République islamique d'),2016,79563.989,79.56
Iran (République islamique d'),2017,80673.883,80.67
Iran (République islamique d'),2018,81800.188,81.80
Iraq,2013,33157.05,33.16
Iraq,2014,34411.951,34.41
Iraq,2015,35572.261,35.57
Iraq,2016,36610.632,36.61
Iraq,2017,37552.781,37.55
Iraq,2018,38433.6,38.43
Irlande,2013,4615.422,4.62
Irlande,2014,4626.844,4.63
Irlande,2015,4652.425,4.65
Irlande,2016,4695.779,4.70
Irlande,2017,4753.279,4.75
Irlande,2018,4818.69,4.82
Islande,2013,327.187,0.33
Islande,2014,328.594,0.33
Islande,2015,330.243,0.33
Islande,2016,332.206,0.33
Islande,2017,334.393,0.33
Islande,2018,336.713,0.34
Israël,2013,7734.841,7.73
Israël,2014,7854.213,7.85
Israël,2015,7978.49,7.98
Israël,2016,8108.985,8.11
Israël,2017,8243.848,8.24
Israël,2018,8381.516,8.38
Italie,2013,60166.83,60.17
Italie,2014,60409.62,60.41
Italie,2015,60578.494,60.58
Italie,2016,60663.06,60.66
Italie,2017,60673.701,60.67
Italie,2018,60627.291,60.63
Jamaïque,2013,2858.712,2.86
Jamaïque,2014,2875.139,2.88
Jamaïque,2015,2891.021,2.89
Jamaïque,2016,2906.236,2.91
Jamaïque,2017,2920.848,2.92
Jamaïque,2018,2934.847,2.93
Japon,2013,128314.195,128.31
Japon,2014,128168.639,128.17
Japon,2015,127985.133,127.99
Japon,2016,127763.265,127.76
Japon,2017,127502.725,127.50
Japon,2018,127202.192,127.20
Jordanie,2013,8518.983,8.52
Jordanie,2014,8918.828,8.92
Jordanie,2015,9266.575,9.27
Jordanie,2016,9554.286,9.55
Jordanie,2017,9785.843,9.79
Jordanie,2018,9965.318,9.97
Kazakhstan,2013,17026.117,17.03
Kazakhstan,2014,17302.615,17.30
Kazakhstan,2015,17572.016,17.57
Kazakhstan,2016,17830.901,17.83
Kazakhstan,2017,18080.019,18.08
Kazakhstan,2018,18319.618,18.32
Kenya,2013,45519.981,45.52
Kenya,2014,46700.055,46.70
Kenya,2015,47878.336,47.88
Kenya,2016,49051.534,49.05
Kenya,2017,50221.142,50.22
Kenya,2018,51392.565,51.39
Kirghizistan,2013,5731.303,5.73
Kirghizistan,2014,5844.532,5.84
Kirghizistan,2015,5959.121,5.96
Kirghizistan,2016,6074.33,6.07
Kirghizistan,2017,6189.733,6.19
Kirghizistan,2018,6304.03,6.30
Kiribati,2013,107.89,0.11
Kiribati,2014,109.391,0.11
Kiribati,2015,110.93,0.11
Kiribati,2016,112.524,0.11
Kiribati,2017,114.158,0.11
Kiribati,2018,115.847,0.12
Koweït,2013,3526.376,3.53
Koweït,2014,3690.941,3.69
Koweït,2015,3835.591,3.84
Koweït,2016,3956.875,3.96
Koweït,2017,4056.099,4.06
Koweït,2018,4137.312,4.14
Lesotho,2013,2028.53,2.03
Lesotho,2014,2043.445,2.04
Lesotho,2015,2059.021,2.06
Lesotho,2016,2075.03,2.08
Lesotho,2017,2091.534,2.09
Lesotho,2018,2108.328,2.11
Lettonie,2013,2044.957,2.04
Lettonie,2014,2021.219,2.02
Lettonie,2015,1997.674,2.00
Lettonie,2016,1974.266,1.97
Lettonie,2017,1951.097,1.95
Lettonie,2018,1928.459,1.93
Liban,2013,5913.022,5.91
Liban,2014,6261.044,6.26
Liban,2015,6532.678,6.53
Liban,2016,6714.281,6.71
Liban,2017,6819.373,6.82
Liban,2018,6859.408,6.86
Libéria,2013,4248.334,4.25
Libéria,2014,4359.506,4.36
Libéria,2015,4472.23,4.47
Libéria,2016,4586.787,4.59
Libéria,2017,4702.226,4.70
Libéria,2018,4818.973,4.82
Libye,2013,6320.36,6.32
Libye,2014,6362.037,6.36
Libye,2015,6418.315,6.42
Libye,2016,6492.162,6.49
Libye,2017,6580.724,6.58
Libye,2018,6678.559,6.68
Liechtenstein,2013,36.934,0.04
Liechtenstein,2014,37.223,0.04
Liechtenstein,2015,37.47,0.04
Liechtenstein,2016,37.658,0.04
Liechtenstein,2017,37.8,0.04
Liechtenstein,2018,37.91,0.04
Lituanie,2013,3008.934,3.01
Lituanie,2014,2971.497,2.97
Lituanie,2015,2931.88,2.93
Lituanie,2016,2889.557,2.89
Lituanie,2017,2845.414,2.85
Lituanie,2018,2801.264,2.80
Luxembourg,2013,542.56,0.54
Luxembourg,2014,554.516,0.55
Luxembourg,2015,566.741,0.57
Luxembourg,2016,579.264,0.58
Luxembourg,2017,591.91,0.59
Luxembourg,2018,604.245,0.60
Macédoine du Nord,2013,2076.067,2.08
Macédoine du Nord,2014,2077.775,2.08
Macédoine du Nord,2015,2079.328,2.08
Macédoine du Nord,2016,2080.743,2.08
Macédoine du Nord,2017,2081.996,2.08
Macédoine du Nord,2018,2082.957,2.08
Madagascar,2013,22961.255,22.96
Madagascar,2014,23589.888,23.59
Madagascar,2015,24234.088,24.23
Madagascar,2016,24894.37,24.89
Madagascar,2017,25570.512,25.57
Madagascar,2018,26262.313,26.26
Malaisie,2013,29468.923,29.47
Malaisie,2014,29866.603,29.87
Malaisie,2015,30270.962,30.27
Malaisie,2016,30684.654,30.68
Malaisie,2017,31104.646,31.10
Malaisie,2018,31528.033,31.53
Malawi,2013,15839.286,15.84
Malawi,2014,16289.552,16.29
Malawi,2015,16745.303,16.75
Malawi,2016,17205.261,17.21
Malawi,2017,17670.196,17.67
Malawi,2018,18143.217,18.14
Maldives,2013,415.593,0.42
Maldives,2014,435.015,0.44
Maldives,2015,454.915,0.45
Maldives,2016,475.512,0.48
Maldives,2017,496.402,0.50
Maldives,2018,515.696,0.52
Mali,2013,16449.854,16.45
Mali,2014,16934.214,16.93
Mali,2015,17438.778,17.44
Mali,2016,17965.443,17.97
Mali,2017,18512.43,18.51
Mali,2018,19077.749,19.08
Malte,2013,426.151,0.43
Malte,2014,430.197,0.43
Malte,2015,433.559,0.43
Malte,2016,436.097,0.44
Malte,2017,437.933,0.44
Malte,2018,439.248,0.44
Maroc,2013,33715.703,33.72
Maroc,2014,34192.357,34.19
Maroc,2015,34663.603,34.66
Maroc,2016,35126.283,35.13
Maroc,2017,35581.255,35.58
Maroc,2018,36029.093,36.03
Martinique,2013,384.576,0.38
Martinique,2014,381.138,0.38
Martinique,2015,378.478,0.38
Martinique,2016,376.791,0.38
Martinique,2017,375.948,0.38
Martinique,2018,375.673,0.38
Maurice,2013,1255.452,1.26
Maurice,2014,1257.355,1.26
Maurice,2015,1259.456,1.26
Maurice,2016,1261.865,1.26
Maurice,2017,1264.499,1.26
Maurice,2018,1267.185,1.27
Mauritanie,2013,3817.494,3.82
Mauritanie,2014,3930.896,3.93
Mauritanie,2015,4046.301,4.05
Mauritanie,2016,4163.533,4.16
Mauritanie,2017,4282.57,4.28
Mauritanie,2018,4403.313,4.40
Mayotte,2013,227.378,0.23
Mayotte,2014,233.654,0.23
Mayotte,2015,240.02,0.24
Mayotte,2016,246.45,0.25
Mayotte,2017,252.957,0.25
Mayotte,2018,259.531,0.26
Mexique,2013,118827.161,118.83
Mexique,2014,120355.128,120.36
Mexique,2015,121858.258,121.86
Mexique,2016,123333.376,123.33
Mexique,2017,124777.324,124.78
Mexique,2018,126190.788,126.19
Micronésie (États fédérés de),2013,105.926,0.11
Micronésie (États fédérés de),2014,107.446,0.11
Micronésie (États fédérés de),2015,108.895,0.11
Micronésie (États fédérés de),2016,110.215,0.11
Micronésie (États fédérés de),2017,111.459,0.11
Micronésie (États fédérés de),2018,112.64,0.11
Monaco,2013,36.901,0.04
Monaco,2014,37.322,0.04
Monaco,2015,37.718,0.04
Monaco,2016,38.07,0.04
Monaco,2017,38.392,0.04
Monaco,2018,38.682,0.04
Mongolie,2013,2881.791,2.88
Mongolie,2014,2940.108,2.94
Mongolie,2015,2998.439,3.00
Mongolie,2016,3056.364,3.06
Mongolie,2017,3113.786,3.11
Mongolie,2018,3170.216,3.17
Monténégro,2013,626.345,0.63
Monténégro,2014,626.645,0.63
Monténégro,2015,626.956,0.63
Monténégro,2016,627.264,0.63
Monténégro,2017,627.563,0.63
Monténégro,2018,627.809,0.63
Montserrat,2013,4.944,0.00
Montserrat,2014,4.957,0.00
Montserrat,2015,4.967,0.00
Montserrat,2016,4.981,0.00
Montserrat,2017,4.984,0.00
Montserrat,2018,4.993,0.00
Mozambique,2013,25560.755,25.56
Mozambique,2014,26286.191,26.29
Mozambique,2015,27042.002,27.04
Mozambique,2016,27829.938,27.83
Mozambique,2017,28649.018,28.65
Mozambique,2018,29496.004,29.50
Myanmar,2013,51852.468,51.85
Myanmar,2014,52280.824,52.28
Myanmar,2015,52680.726,52.68
Myanmar,2016,53045.201,53.05
Myanmar,2017,53382.523,53.38
Myanmar,2018,53708.32,53.71
Namibie,2013,2233.508,2.23
Namibie,2014,2273.423,2.27
Namibie,2015,2314.904,2.31
Namibie,2016,2358.044,2.36
Namibie,2017,2402.633,2.40
Namibie,2018,2448.301,2.45
Nauru,2013,10.209,0.01
Nauru,2014,10.289,0.01
Nauru,2015,10.383,0.01
Nauru,2016,10.475,0.01
Nauru,2017,10.573,0.01
Nauru,2018,10.67,0.01
Népal,2013,26916.793,26.92
Népal,2014,26905.978,26.91
Népal,2015,27015.031,27.02
Népal,2016,27263.433,27.26
Népal,2017,27632.681,27.63
Népal,2018,28095.714,28.10
Nicaragua,2013,6062.457,6.06
Nicaragua,2014,6142.731,6.14
Nicaragua,2015,6223.24,6.22
Nicaragua,2016,6303.974,6.30
Nicaragua,2017,6384.846,6.38
Nicaragua,2018,6465.501,6.47
Niger,2013,18504.281,18.50
Niger,2014,19240.179,19.24
Niger,2015,20001.663,20.00
Niger,2016,20788.798,20.79
Niger,2017,21602.382,21.60
Niger,2018,22442.822,22.44
Nigéria,2013,171765.816,171.77
Nigéria,2014,176404.934,176.40
Nigéria,2015,181137.448,181.14
Nigéria,2016,185960.241,185.96
Nigéria,2017,190873.244,190.87
Nigéria,2018,195874.683,195.87
Nioué,2013,1.612,0.00
Nioué,2014,1.609,0.00
Nioué,2015,1.619,0.00
Nioué,2016,1.614,0.00
Nioué,2017,1.609,0.00
Nioué,2018,1.62,0.00
Norvège,2013,5079.455,5.08
Norvège,2014,5142.265,5.14
Norvège,2015,5199.836,5.20
Norvège,2016,5250.949,5.25
Norvège,2017,5296.326,5.30
Norvège,2018,5337.962,5.34
Nouvelle-Calédonie,2013,264.242,0.26
Nouvelle-Calédonie,2014,267.739,0.27
Nouvelle-Calédonie,2015,271.065,0.27
Nouvelle-Calédonie,2016,274.191,0.27
Nouvelle-Calédonie,2017,277.15,0.28
Nouvelle-Calédonie,2018,279.993,0.28
Nouvelle-Zélande,2013,4518.515,4.52
Nouvelle-Zélande,2014,4567.527,4.57
Nouvelle-Zélande,2015,4614.532,4.61
Nouvelle-Zélande,2016,4659.265,4.66
Nouvelle-Zélande,2017,4702.034,4.70
Nouvelle-Zélande,2018,4743.131,4.74
Oman,2013,3764.806,3.76
Oman,2014,4027.26,4.03
Oman,2015,4267.348,4.27
Oman,2016,4479.219,4.48
Oman,2017,4665.928,4.67
Oman,2018,4829.473,4.83
Ouganda,2013,35694.519,35.69
Ouganda,2014,36911.523,36.91
Ouganda,2015,38225.453,38.23
Ouganda,2016,39649.166,39.65
Ouganda,2017,41166.588,41.17
Ouganda,2018,42729.036,42.73
Ouzbékistan,2013,29932.631,29.93
Ouzbékistan,2014,30426.388,30.43
Ouzbékistan,2015,30929.557,30.93
Ouzbékistan,2016,31441.751,31.44
Ouzbékistan,2017,31959.785,31.96
Ouzbékistan,2018,32476.244,32.48
Pakistan,2013,191260.806,191.26
Pakistan,2014,195305.013,195.31
Pakistan,2015,199426.964,199.43
Pakistan,2016,203631.353,203.63
Pakistan,2017,207906.209,207.91
Pakistan,2018,212228.286,212.23
Palaos,2013,17.606,0.02
Palaos,2014,17.626,0.02
Palaos,2015,17.665,0.02
Palaos,2016,17.725,0.02
Palaos,2017,17.808,0.02
Palaos,2018,17.907,0.02
Palestine,2013,4333.523,4.33
Palestine,2014,4428.639,4.43
Palestine,2015,4529.166,4.53
Palestine,2016,4635.654,4.64
Palestine,2017,4747.227,4.75
Palestine,2018,4862.979,4.86
Panama,2013,3835.435,3.84
Panama,2014,3901.314,3.90
Panama,2015,3968.487,3.97
Panama,2016,4037.078,4.04
Panama,2017,4106.769,4.11
Panama,2018,4176.869,4.18
Papouasie-Nouvelle-Guinée,2013,7788.38,7.79
Papouasie-Nouvelle-Guinée,2014,7946.73,7.95
Papouasie-Nouvelle-Guinée,2015,8107.775,8.11
Papouasie-Nouvelle-Guinée,2016,8271.762,8.27
Papouasie-Nouvelle-Guinée,2017,8438.036,8.44
Papouasie-Nouvelle-Guinée,2018,8606.323,8.61
Paraguay,2013,6510.276,6.51
Paraguay,2014,6599.526,6.60
Paraguay,2015,6688.746,6.69
Paraguay,2016,6777.872,6.78
Paraguay,2017,6867.061,6.87
Paraguay,2018,6956.066,6.96
Pays-Bas,2013,16843.502,16.84
Pays-Bas,2014,16892.523,16.89
Pays-Bas,2015,16938.499,16.94
Pays-Bas,2016,16981.295,16.98
Pays-Bas,2017,17021.347,17.02
Pays-Bas,2018,17059.56,17.06
Pérou,2013,29773.987,29.77
Pérou,2014,30090.359,30.09
Pérou,2015,30470.734,30.47
Pérou,2016,30926.032,30.93
Pérou,2017,31444.298,31.44
Pérou,2018,31989.26,31.99
Philippines,2013,98871.555,98.87
Philippines,2014,100513.142,100.51
Philippines,2015,102113.212,102.11
Philippines,2016,103663.816,103.66
Philippines,2017,105172.925,105.17
Philippines,2018,106651.394,106.65
Pologne,2013,38158.041,38.16
Pologne,2014,38091.089,38.09
Pologne,2015,38034.079,38.03
Pologne,2016,37989.22,37.99
Pologne,2017,37953.18,37.95
Pologne,2018,37921.592,37.92
Polynésie française,2013,270.328,0.27
Polynésie française,2014,271.705,0.27
Polynésie française,2015,273.124,0.27
Polynésie française,2016,274.575,0.27
Polynésie française,2017,276.102,0.28
Polynésie française,2018,277.679,0.28
Porto Rico,2013,3503.858,3.50
Porto Rico,2014,3453.672,3.45
Porto Rico,2015,3381.518,3.38
Porto Rico,2016,3283.125,3.28
Porto Rico,2017,3163.667,3.16
Porto Rico,2018,3039.596,3.04
Portugal,2013,10473.021,10.47
Portugal,2014,10418.218,10.42
Portugal,2015,10368.351,10.37
Portugal,2016,10325.538,10.33
Portugal,2017,10288.527,10.29
Portugal,2018,10256.193,10.26
Qatar,2013,2336.574,2.34
Qatar,2014,2459.198,2.46
Qatar,2015,2565.71,2.57
Qatar,2016,2654.374,2.65
Qatar,2017,2724.728,2.72
Qatar,2018,2781.682,2.78
République arabe syrienne,2013,19578.461,19.58
République arabe syrienne,2014,18710.711,18.71
République arabe syrienne,2015,17997.408,18.00
République arabe syrienne,2016,17465.575,17.47
République arabe syrienne,2017,17095.678,17.10
République arabe syrienne,2018,16945.057,16.95
République centrafricaine,2013,4447.944,4.45
République centrafricaine,2014,4464.175,4.46
République centrafricaine,2015,4493.17,4.49
République centrafricaine,2016,4537.686,4.54
République centrafricaine,2017,4596.023,4.60
République centrafricaine,2018,4666.368,4.67
République de Corée,2013,50345.717,50.35
République de Corée,2014,50607.907,50.61
République de Corée,2015,50823.093,50.82
République de Corée,2016,50983.457,50.98
République de Corée,2017,51096.415,51.10
République de Corée,2018,51171.706,51.17
République de Moldova,2013,4074.591,4.07
République de Moldova,2014,4073.407,4.07
République de Moldova,2015,4070.7,4.07
République de Moldova,2016,4066.009,4.07
République de Moldova,2017,4059.684,4.06
République de Moldova,2018,4051.944,4.05
République démocratique du Congo,2013,71358.807,71.36
République démocratique du Congo,2014,73767.447,73.77
République démocratique du Congo,2015,76244.544,76.24
République démocratique du Congo,2016,78789.127,78.79
République démocratique du Congo,2017,81398.764,81.40
République démocratique du Congo,2018,84068.091,84.07
République démocratique populaire lao,2013,6541.304,6.54
République démocratique populaire lao,2014,6639.756,6.64
République démocratique populaire lao,2015,6741.164,6.74
République démocratique populaire lao,2016,6845.846,6.85
République démocratique populaire lao,2017,6953.035,6.95
République démocratique populaire lao,2018,7061.507,7.06
République dominicaine,2013,10048.232,10.05
République dominicaine,2014,10165.183,10.17
République dominicaine,2015,10281.68,10.28
République dominicaine,2016,10397.741,10.40
République dominicaine,2017,10513.104,10.51
République dominicaine,2018,10627.141,10.63
République populaire démocratique de Corée,2013,24929.497,24.93
République populaire démocratique de Corée,2014,25057.79,25.06
République populaire démocratique de Corée,2015,25183.833,25.18
République populaire démocratique de Corée,2016,25307.665,25.31
République populaire démocratique de Corée,2017,25429.825,25.43
République populaire démocratique de Corée,2018,25549.604,25.55
République-Unie de Tanzanie,2013,48483.129,48.48
République-Unie de Tanzanie,2014,49960.561,49.96
République-Unie de Tanzanie,2015,51482.633,51.48
République-Unie de Tanzanie,2016,53049.23,53.05
République-Unie de Tanzanie,2017,54660.339,54.66
République-Unie de Tanzanie,2018,56313.438,56.31
Réunion,2013,850.514,0.85
Réunion,2014,856.961,0.86
Réunion,2015,863.363,0.86
Réunion,2016,869.743,0.87
Réunion,2017,876.134,0.88
Réunion,2018,882.526,0.88
Roumanie,2013,20132.776,20.13
Roumanie,2014,20035.93,20.04
Roumanie,2015,19925.175,19.93
Roumanie,2016,19796.285,19.80
Roumanie,2017,19653.969,19.65
Roumanie,2018,19506.114,19.51
Royaume-Uni de Grande-Bretagne et d'Irlande du Nord,2013,64984.018,64.98
Royaume-Uni de Grande-Bretagne et d'Irlande du Nord,2014,65423.047,65.42
Royaume-Uni de Grande-Bretagne et d'Irlande du Nord,2015,65860.146,65.86
Royaume-Uni de Grande-Bretagne et d'Irlande du Nord,2016,66297.944,66.30
Royaume-Uni de Grande-Bretagne et d'Irlande du Nord,2017,66727.461,66.73
Royaume-Uni de Grande-Bretagne et d'Irlande du Nord,2018,67141.684,67.14
Rwanda,2013,10811.538,10.81
Rwanda,2014,11083.63,11.08
Rwanda,2015,11369.071,11.37
Rwanda,2016,11668.827,11.67
Rwanda,2017,11980.961,11.98
Rwanda,2018,12301.97,12.30
Sahara occidental,2013,504.858,0.50
Sahara occidental,2014,514.995,0.51
Sahara occidental,2015,526.216,0.53
Sahara occidental,2016,538.749,0.54
Sahara occidental,2017,552.615,0.55
Sahara occidental,2018,567.402,0.57
Saint-Barthélemy,2013,9.537,0.01
Saint-Barthélemy,2014,9.623,0.01
Saint-Barthélemy,2015,9.693,0.01
Saint-Barthélemy,2016,9.748,0.01
Saint-Barthélemy,2017,9.784,0.01
Saint-Barthélemy,2018,9.816,0.01
"Sainte-Hélène, Ascension et Tristan da Cunha",2013,5.584,0.01
"Sainte-Hélène, Ascension et Tristan da Cunha",2014,5.739,0.01
"Sainte-Hélène, Ascension et Tristan da Cunha",2015,5.865,0.01
"Sainte-Hélène, Ascension et Tristan da Cunha",2016,5.956,0.01
"Sainte-Hélène, Ascension et Tristan da Cunha",2017,6.008,0.01
"Sainte-Hélène, Ascension et Tristan da Cunha",2018,6.035,0.01
Sainte-Lucie,2013,177.513,0.18
Sainte-Lucie,2014,178.296,0.18
Sainte-Lucie,2015,179.126,0.18
Sainte-Lucie,2016,180.024,0.18
Sainte-Lucie,2017,180.954,0.18
Sainte-Lucie,2018,181.889,0.18
Saint-Kitts-et-Nevis,2013,50.331,0.05
Saint-Kitts-et-Nevis,2014,50.774,0.05
Saint-Kitts-et-Nevis,2015,51.203,0.05
Saint-Kitts-et-Nevis,2016,51.625,0.05
Saint-Kitts-et-Nevis,2017,52.045,0.05
Saint-Kitts-et-Nevis,2018,52.441,0.05
Saint-Marin,2013,32.553,0.03
Saint-Marin,2014,32.948,0.03
Saint-Marin,2015,33.272,0.03
Saint-Marin,2016,33.504,0.03
Saint-Marin,2017,33.671,0.03
Saint-Marin,2018,33.785,0.03
Saint-Martin (partie française),2013,36.453,0.04
Saint-Martin (partie française),2014,36.015,0.04
Saint-Martin (partie française),2015,35.858,0.04
Saint-Martin (partie française),2016,36.065,0.04
Saint-Martin (partie française),2017,36.56,0.04
Saint-Martin (partie française),2018,37.264,0.04
Saint-Pierre-et-Miquelon,2013,6.173,0.01
Saint-Pierre-et-Miquelon,2014,6.075,0.01
Saint-Pierre-et-Miquelon,2015,5.993,0.01
Saint-Pierre-et-Miquelon,2016,5.934,0.01
Saint-Pierre-et-Miquelon,2017,5.887,0.01
Saint-Pierre-et-Miquelon,2018,5.849,0.01
Saint-Siège,2013,0.801,0.00
Saint-Siège,2014,0.8,0.00
Saint-Siège,2015,0.803,0.00
Saint-Siège,2016,0.801,0.00
Saint-Siège,2017,0.793,0.00
Saint-Siège,2018,0.801,0.00
Saint-Vincent-et-les Grenadines,2013,108.622,0.11
Saint-Vincent-et-les Grenadines,2014,108.861,0.11
Saint-Vincent-et-les Grenadines,2015,109.148,0.11
Saint-Vincent-et-les Grenadines,2016,109.459,0.11
Saint-Vincent-et-les Grenadines,2017,109.827,0.11
Saint-Vincent-et-les Grenadines,2018,110.211,0.11
Samoa,2013,190.718,0.19
Samoa,2014,192.221,0.19
Samoa,2015,193.513,0.19
Samoa,2016,194.535,0.19
Samoa,2017,195.352,0.20
Samoa,2018,196.129,0.20
Samoa américaines,2013,55.713,0.06
Samoa américaines,2014,55.791,0.06
Samoa américaines,2015,55.812,0.06
Samoa américaines,2016,55.741,0.06
Samoa américaines,2017,55.62,0.06
Samoa américaines,2018,55.465,0.06
Sao Tomé-et-Principe,2013,192.087,0.19
Sao Tomé-et-Principe,2014,195.727,0.20
Sao Tomé-et-Principe,2015,199.432,0.20
Sao Tomé-et-Principe,2016,203.227,0.20
Sao Tomé-et-Principe,2017,207.089,0.21
Sao Tomé-et-Principe,2018,211.028,0.21
Sénégal,2013,13782.424,13.78
Sénégal,2014,14174.739,14.17
Sénégal,2015,14578.459,14.58
Sénégal,2016,14993.519,14.99
Sénégal,2017,15419.355,15.42
Sénégal,2018,15854.323,15.85
Serbie,2013,8918.904,8.92
Serbie,2014,8898.289,8.90
Serbie,2015,8876.777,8.88
Serbie,2016,8853.963,8.85
Serbie,2017,8829.628,8.83
Serbie,2018,8802.754,8.80
Seychelles,2013,93.395,0.09
Seychelles,2014,94.215,0.09
Seychelles,2015,94.978,0.09
Seychelles,2016,95.71,0.10
Seychelles,2017,96.418,0.10
Seychelles,2018,97.096,0.10
Sierra Leone,2013,6863.981,6.86
Sierra Leone,2014,7017.148,7.02
Sierra Leone,2015,7171.914,7.17
Sierra Leone,2016,7328.834,7.33
Sierra Leone,2017,7488.423,7.49
Sierra Leone,2018,7650.15,7.65
Singapour,2013,5453.737,5.45
Singapour,2014,5525.626,5.53
Singapour,2015,5592.152,5.59
Singapour,2016,5653.634,5.65
Singapour,2017,5708.041,5.71
Singapour,2018,5757.499,5.76
Sint Maarten  (partie néerlandaise),2013,37.583,0.04
Sint Maarten  (partie néerlandaise),2014,38.876,0.04
Sint Maarten  (partie néerlandaise),2015,39.968,0.04
Sint Maarten  (partie néerlandaise),2016,40.808,0.04
Sint Maarten  (partie néerlandaise),2017,41.444,0.04
Sint Maarten  (partie néerlandaise),2018,41.94,0.04
Slovaquie,2013,5421.725,5.42
Slovaquie,2014,5428.803,5.43
Slovaquie,2015,5435.611,5.44
Slovaquie,2016,5442.003,5.44
Slovaquie,2017,5447.9,5.45
Slovaquie,2018,5453.014,5.45
Slovénie,2013,2063.11,2.06
Slovénie,2014,2067.488,2.07
Slovénie,2015,2071.199,2.07
Slovénie,2016,2074.21,2.07
Slovénie,2017,2076.394,2.08
Slovénie,2018,2077.837,2.08
Somalie,2013,13063.701,13.06
Somalie,2014,13423.568,13.42
Somalie,2015,13797.201,13.80
Somalie,2016,14185.636,14.19
Somalie,2017,14589.179,14.59
Somalie,2018,15008.226,15.01
Soudan,2013,37072.55,37.07
Soudan,2014,37977.655,37.98
Soudan,2015,38902.95,38.90
Soudan,2016,39847.439,39.85
Soudan,2017,40813.397,40.81
Soudan,2018,41801.533,41.80
Soudan du Sud,2013,10355.035,10.36
Soudan du Sud,2014,10554.88,10.55
Soudan du Sud,2015,10715.658,10.72
Soudan du Sud,2016,10832.518,10.83
Soudan du Sud,2017,10910.763,10.91
Soudan du Sud,2018,10975.927,10.98
Sri Lanka,2013,20663.046,20.66
Sri Lanka,2014,20788.511,20.79
Sri Lanka,2015,20908.027,20.91
Sri Lanka,2016,21021.171,21.02
Sri Lanka,2017,21128.032,21.13
Sri Lanka,2018,21228.763,21.23
Suède,2013,9618.016,9.62
Suède,2014,9692.131,9.69
Suède,2015,9764.95,9.76
Suède,2016,9836.007,9.84
Suède,2017,9904.896,9.90
Suède,2018,9971.638,9.97
Suisse,2013,8108.878,8.11
Suisse,2014,8206.002,8.21
Suisse,2015,8296.775,8.30
Suisse,2016,8379.917,8.38
Suisse,2017,8455.804,8.46
Suisse,2018,8525.611,8.53
Suriname,2013,547.291,0.55
Suriname,2014,553.273,0.55
Suriname,2015,559.143,0.56
Suriname,2016,564.888,0.56
Suriname,2017,570.496,0.57
Suriname,2018,575.99,0.58
Tadjikistan,2013,8059.769,8.06
Tadjikistan,2014,8252.833,8.25
Tadjikistan,2015,8454.028,8.45
Tadjikistan,2016,8663.579,8.66
Tadjikistan,2017,8880.268,8.88
Tadjikistan,2018,9100.835,9.10
Tchad,2013,13220.433,13.22
Tchad,2014,13663.566,13.66
Tchad,2015,14110.975,14.11
Tchad,2016,14561.66,14.56
Tchad,2017,15016.753,15.02
Tchad,2018,15477.729,15.48
Tchéquie,2013,10586.533,10.59
Tchéquie,2014,10591.108,10.59
Tchéquie,2015,10601.397,10.60
Tchéquie,2016,10618.857,10.62
Tchéquie,2017,10641.034,10.64
Tchéquie,2018,10665.677,10.67
Thaïlande,2013,68144.518,68.14
Thaïlande,2014,68438.746,68.44
Thaïlande,2015,68714.511,68.71
Thaïlande,2016,68971.308,68.97
Thaïlande,2017,69209.81,69.21
Thaïlande,2018,69428.453,69.43
Timor-Leste,2013,1153.294,1.15
Timor-Leste,2014,1174.331,1.17
Timor-Leste,2015,1196.302,1.20
Timor-Leste,2016,1219.288,1.22
Timor-Leste,2017,1243.258,1.24
Timor-Leste,2018,1267.974,1.27
Togo,2013,6954.722,6.95
Togo,2014,7138,7.14
Togo,2015,7323.158,7.32
Togo,2016,7509.951,7.51
Togo,2017,7698.474,7.70
Togo,2018,7889.093,7.89
Tokélaou,2013,1.187,0.00
Tokélaou,2014,1.219,0.00
Tokélaou,2015,1.252,0.00
Tokélaou,2016,1.282,0.00
Tokélaou,2017,1.3,0.00
Tokélaou,2018,1.319,0.00
Tonga,2013,101.768,0.10
Tonga,2014,101.028,0.10
Tonga,2015,100.781,0.10
Tonga,2016,101.133,0.10
Tonga,2017,101.998,0.10
Tonga,2018,103.197,0.10
Trinité-et-Tobago,2013,1353.703,1.35
Trinité-et-Tobago,2014,1362.345,1.36
Trinité-et-Tobago,2015,1370.328,1.37
Trinité-et-Tobago,2016,1377.56,1.38
Trinité-et-Tobago,2017,1384.059,1.38
Trinité-et-Tobago,2018,1389.843,1.39
Tunisie,2013,10952.951,10.95
Tunisie,2014,11063.201,11.06
Tunisie,2015,11179.949,11.18
Tunisie,2016,11303.945,11.30
Tunisie,2017,11433.443,11.43
Tunisie,2018,11565.201,11.57
Turkménistan,2013,5366.378,5.37
Turkménistan,2014,5466.328,5.47
Turkménistan,2015,5565.287,5.57
Turkménistan,2016,5662.368,5.66
Turkménistan,2017,5757.667,5.76
Turkménistan,2018,5850.901,5.85
Turquie,2013,75925.462,75.93
Turquie,2014,77229.256,77.23
Turquie,2015,78529.409,78.53
Turquie,2016,79827.871,79.83
Turquie,2017,81116.45,81.12
Turquie,2018,82340.088,82.34
Tuvalu,2013,10.857,0.01
Tuvalu,2014,10.972,0.01
Tuvalu,2015,11.099,0.01
Tuvalu,2016,11.225,0.01
Tuvalu,2017,11.37,0.01
Tuvalu,2018,11.508,0.01
Ukraine,2013,45286.983,45.29
Ukraine,2014,45111.532,45.11
Ukraine,2015,44921.639,44.92
Ukraine,2016,44713.702,44.71
Ukraine,2017,44487.709,44.49
Ukraine,2018,44246.156,44.25
Uruguay,2013,3389.443,3.39
Uruguay,2014,3400.436,3.40
Uruguay,2015,3412.009,3.41
Uruguay,2016,3424.129,3.42
Uruguay,2017,3436.641,3.44
Uruguay,2018,3449.285,3.45
Vanuatu,2013,256.635,0.26
Vanuatu,2014,263.888,0.26
Vanuatu,2015,271.13,0.27
Vanuatu,2016,278.33,0.28
Vanuatu,2017,285.51,0.29
Vanuatu,2018,292.68,0.29
Venezuela (République bolivarienne du),2013,29781.04,29.78
Venezuela (République bolivarienne du),2014,30042.968,30.04
Venezuela (République bolivarienne du),2015,30081.829,30.08
Venezuela (République bolivarienne du),2016,29851.255,29.85
Venezuela (République bolivarienne du),2017,29402.484,29.40
Venezuela (République bolivarienne du),2018,28887.118,28.89
Viet Nam,2013,90752.592,90.75
Viet Nam,2014,91713.848,91.71
Viet Nam,2015,92677.076,92.68
Viet Nam,2016,93640.422,93.64
Viet Nam,2017,94600.648,94.60
Viet Nam,2018,95545.962,95.55
Yémen,2013,25147.109,25.15
Yémen,2014,25823.485,25.82
Yémen,2015,26497.889,26.50
Yémen,2016,27168.208,27.17
Yémen,2017,27834.819,27.83
Yémen,2018,28498.683,28.50
Zambie,2013,14926.544,14.93
Zambie,2014,15399.788,15.40
Zambie,2015,15879.361,15.88
Zambie,2016,16363.458,16.36
Zambie,2017,16853.599,16.85
Zambie,2018,17351.708,17.35
Zimbabwe,2013,13350.373,13.35
Zimbabwe,2014,13586.707,13.59
Zimbabwe,2015,13814.629,13.81
Zimbabwe,2016,14030.331,14.03
Zimbabwe,2017,14236.595,14.24
Zimbabwe,2018,14438.802,14.44
